<?xml version="1.0" encoding="utf-8"?>
<!--/1037451/286468/2.47/2/4/Connector/-->
<quadcept_library>
  <setting unit="mil" />
  <textstyle name="Default" height="47.244094488189" strokewidth="7.8740157480315" charwidth="47.244094488189" />
  <textstyle name="Dimension" height="19.6850393700787" strokewidth="0" charwidth="19.6850393700787" />
  <textstyle name="H127W0635TH00762" height="50" strokewidth="3" charwidth="25" />
  <textstyle name="H15W15TH02" height="59.0551181102362" strokewidth="7.8740157480315" charwidth="59.0551181102362" />
  <padstyle name="c150_h100" surface="False" plated="True" isvia="False" nopaste="True" nomask="True" complex="False" holesize="39.370078740157">
    <padshape layer="TOP" shape="round" width="59.055118110235" height="59.055118110235" />
    <padshape layer="INNER" shape="round" width="59.055118110235" height="59.055118110235" />
    <padshape layer="BOTTOM" shape="round" width="59.055118110235" height="59.055118110235" />
  </padstyle>
  <footprint name="1713017" originx="0" originy="0" pickpointx="0" pickpointy="0">
    <pcbpin number="1" name="1" style="c150_h100" originx="0" originy="0" rotation="90" />
    <pcbpin number="2" name="2" style="c150_h100" originx="137.79527559055" originy="0" rotation="90" />
    <line layer="TOP_ASSEMBLY" originx="-127.95275590551" originy="287.40157480315" endx="206.69291338582" endy="287.40157480315" width="7.8740157480314" />
    <line layer="TOP_ASSEMBLY" originx="206.69291338582" originy="287.40157480315" endx="206.69291338582" endy="-185.03937007874" width="7.8740157480314" />
    <line layer="TOP_ASSEMBLY" originx="206.69291338582" originy="-185.03937007874" endx="-127.95275590551" endy="-185.03937007874" width="7.8740157480314" />
    <line layer="TOP_ASSEMBLY" originx="-127.95275590551" originy="-185.03937007874" endx="-127.95275590551" endy="287.40157480315" width="7.8740157480314" />
    <line layer="TOP_SILKSCREEN" originx="-127.95275590551" originy="287.40157480315" endx="206.69291338582" endy="287.40157480315" width="3.9370078740157" />
    <line layer="TOP_SILKSCREEN" originx="206.69291338582" originy="287.40157480315" endx="206.69291338582" endy="-185.03937007874" width="3.9370078740157" />
    <line layer="TOP_SILKSCREEN" originx="206.69291338582" originy="-185.03937007874" endx="-127.95275590551" endy="-185.03937007874" width="3.9370078740157" />
    <line layer="TOP_SILKSCREEN" originx="-127.95275590551" originy="-185.03937007874" endx="-127.95275590551" endy="287.40157480315" width="3.9370078740157" />
    <line layer="TOP_PLACE_BOUND" originx="-192.91338582677" originy="326.7716535433" endx="246.06299212598" endy="326.7716535433" width="3.9370078740157" />
    <line layer="TOP_PLACE_BOUND" originx="246.06299212598" originy="326.7716535433" endx="246.06299212598" endy="-224.40944881889" width="3.9370078740157" />
    <line layer="TOP_PLACE_BOUND" originx="246.06299212598" originy="-224.40944881889" endx="-192.91338582677" endy="-224.40944881889" width="3.9370078740157" />
    <line layer="TOP_PLACE_BOUND" originx="-192.91338582677" originy="-224.40944881889" endx="-192.91338582677" endy="326.7716535433" width="3.9370078740157" />
    <line layer="TOP_SILKSCREEN" originx="-153.54330708661" originy="0" endx="-153.54330708661" endy="0" width="3.9370078740157" />
    <arc layer="TOP_SILKSCREEN" originx="-151.5748031496" originy="0" startangle="-180.0" sweepangle="180.0" radius="1.9685039370079" width="3.9370078740157" />
    <line layer="TOP_SILKSCREEN" originx="-149.6062992126" originy="0" endx="-149.6062992126" endy="0" width="3.9370078740157" />
    <arc layer="TOP_SILKSCREEN" originx="-151.5748031496" originy="0" startangle=".0" sweepangle="180.0" radius="1.9685039370079" width="3.9370078740157" />
  </footprint>
  <symbol name="1713017" originx="0" originy="0">
    <line originx="200" originy="100" endx="600" endy="100" width="10" />
    <line originx="600" originy="-200" endx="600" endy="100" width="10" />
    <line originx="600" originy="-200" endx="200" endy="-200" width="10" />
    <line originx="200" originy="100" endx="200" endy="-200" width="10" />
    <sympin number="1" originx="200" originy="0" rotation="180" length="100" width="7.8740157480315" flipped="False">
      <text name="pinname" originx="230" originy="0" style="Default" rotation="0" justify="left" flipped="False" hidden="False" data="1" />
      <text name="pindes" originx="140" originy="20" style="Default" rotation="0" justify="lowerright" flipped="False" hidden="False" data="1" />
    </sympin>
    <sympin number="2" originx="200" originy="-100" rotation="180" length="100" width="7.8740157480315" flipped="False">
      <text name="pinname" originx="230" originy="-100" style="Default" rotation="0" justify="left" flipped="False" hidden="False" data="2" />
      <text name="pindes" originx="140" originy="-80" style="Default" rotation="0" justify="lowerright" flipped="False" hidden="False" data="2" />
    </sympin>
  </symbol>
  <component name="1713017" designatorprefix="J" height="515.74803149606" footprint="1713017">
    <comppin designator="1" sympin="1" pinswap="0" gateswap="0" gate="1" group="1" side="" type="Any" name="1" />
    <comppin designator="2" sympin="2" pinswap="0" gateswap="0" gate="1" group="1" side="" type="Any" name="2" />
    <attached_symbol gate="1" name="1713017" />
    <pinmap designator="1" footprintpin="1" />
    <pinmap designator="2" footprintpin="2" />
    <text name="Datasheet" originx="0" originy="0" style="Default" rotation="0" justify="" flipped="False" hidden="True" data="https://media.digikey.com/pdf/Data Sheets/Phoenix Contact PDFs/1713017.pdf" />
    <text name="Description" originx="0" originy="0" style="Default" rotation="0" justify="" flipped="False" hidden="True" data="Fixed Terminal Blocks PTSA 1.5/ 2-3. 5-F RD WH NZ02" />
    <text name="Manufacturer_Name" originx="0" originy="0" style="Default" rotation="0" justify="" flipped="False" hidden="True" data="Phoenix Contact" />
    <text name="Manufacturer_Part_Number" originx="650" originy="200" style="Default" rotation="0" justify="left" flipped="False" hidden="False" data="1713017" />
    <text name="Arrow Part Number" originx="0" originy="0" style="Default" rotation="0" justify="" flipped="False" hidden="True" data="1713017" />
    <text name="Arrow Price/Stock" originx="0" originy="0" style="Default" rotation="0" justify="" flipped="False" hidden="True" data="https://www.arrow.com/en/products/1713017/phoenix-contact" />
    <text name="Mouser Part Number" originx="0" originy="0" style="Default" rotation="0" justify="" flipped="False" hidden="True" data="651-1713017" />
    <text name="Mouser Price/Stock" originx="0" originy="0" style="Default" rotation="0" justify="" flipped="False" hidden="True" data="https://www.mouser.co.uk/ProductDetail/Phoenix-Contact/1713017?qs=4%252B1n7qLHx1JYX5SzFzBEaA%3D%3D" />
  </component>
</quadcept_library>
